{
  "loss": [
    1.1916353702545166,
    1.058442234992981,
    0.7344181537628174,
    0.5415924787521362,
    0.45611152052879333,
    0.41533443331718445,
    0.40609586238861084,
    0.38925784826278687,
    0.3441167175769806,
    0.3296566903591156,
    0.31607428193092346,
    0.3059852123260498,
    0.300322949886322,
    0.29220113158226013,
    0.2899874448776245,
    0.2765767276287079,
    0.27691224217414856,
    0.2753283977508545,
    0.2643880844116211,
    0.2607506811618805
  ],
  "pr_auc": [
    0.289445698261261,
    0.7054946422576904,
    0.7765510082244873,
    0.8367452621459961,
    0.8657176494598389,
    0.8753076791763306,
    0.8761316537857056,
    0.8849008083343506,
    0.901769757270813,
    0.9060338735580444,
    0.9096594452857971,
    0.9127038717269897,
    0.9143650531768799,
    0.9178050756454468,
    0.9183553457260132,
    0.9230097532272339,
    0.922156810760498,
    0.9237128496170044,
    0.927410900592804,
    0.928183913230896
  ],
  "val_loss": [
    0.6738355755805969,
    0.5666690468788147,
    0.3041280508041382,
    0.2003774344921112,
    0.1689532846212387,
    0.13468985259532928,
    0.12126327306032181,
    0.1338208019733429,
    0.1286834478378296,
    0.12838679552078247,
    0.12564200162887573,
    0.12000212073326111,
    0.11682549864053726,
    0.11295885592699051,
    0.11882805824279785,
    0.1084461435675621,
    0.10227087140083313,
    0.1043601930141449,
    0.1029052883386612,
    0.09676358848810196
  ],
  "val_pr_auc": [
    0.8408966064453125,
    0.8323906064033508,
    0.8479828834533691,
    0.8833858966827393,
    0.8933582305908203,
    0.8978889584541321,
    0.9004190564155579,
    0.9080016613006592,
    0.9122891426086426,
    0.9158400297164917,
    0.923442006111145,
    0.9279488921165466,
    0.9331939816474915,
    0.9341642260551453,
    0.9374683499336243,
    0.9360246658325195,
    0.9433400630950928,
    0.9447414875030518,
    0.9473842978477478,
    0.9460982084274292
  ]
}